<?xml version="1.0" encoding="utf-8"?>
<prefix name="supportcenter" label="Support Center" language_tag="en" language_label="English">
	<key name="auth_group_label"><value>Support Center</value></key>
	<key name="auth_action_label_manage"><value>Allow use of Support Manager</value></key>
	<key name="support"><value>Support</value></key>
	<key name="support_title"><value>Support Center</value></key>
	<key name="support_heading"><value>Support Center</value></key>

	<key name="are_you_sure"><value>Are you sure?</value></key>
	<key name="edit"><value>Edit</value></key>
	<key name="delete"><value>Delete</value></key>

	<key name="tag_add"><value>Add Tag</value></key>
	<key name="tag_list"><value>Tag list</value></key>

	<key name="article_add"><value>New Article</value></key>
	<key name="article_list"><value>Article list</value></key>

	<key name="category_add"><value>Add Category</value></key>
	<key name="category_list"><value>Category list</value></key>

	<key name="department_add"><value>Add Department</value></key>
	<key name="department_list"><value>Department list</value></key>

	<key name="department_user_add"><value>Add User</value></key>
	<key name="department_user_list"><value>User list</value></key>

	<key name="department_ticket_list"><value>Tickets</value></key>
	<key name="ticket"><value>Ticket</value></key>
	<key name="no_tickets"><value>No tickets</value></key>

	<key name="ticket_list"><value>Ticket list</value></key>
	<key name="support-mobile"><value>Support Center</value></key>
	<key name="status"><value>Status</value></key>

	<key name="form_add_tag"><value>Add Tag</value></key>
	<key name="form_add_category"><value>Add Category</value></key>
	<key name="form_add_department"><value>Add Department</value></key>
	<key name="form_add_tag_submit"><value>Submit</value></key>
	<key name="form_edit_tag"><value>New Text</value></key>
	<key name="form_article_title"><value>Title</value></key>
	<key name="form_article_body"><value>Body</value></key>
	<key name="form_article_cat1"><value>Category 1</value></key>
	<key name="form_article_cat2"><value>Category 2</value></key>
	<key name="form_search"><value>Search</value></key>

	<key name="form_new_ticket_subject"><value>Subject</value></key>
	<key name="form_new_ticket_text"><value>Description</value></key>
	<key name="form_new_ticket_category"><value>Category</value></key>
	<key name="form_new_ticket_department"><value>Department</value></key>
	<key name="form_new_ticket_submit"><value>Submit</value></key>

	<key name="form_ticket_reply_text"><value>Reply on Ticket</value></key>
	<key name="form_ticket_reply_submit"><value>Reply</value></key>

	<key name="form_settings_menu_pos"><value>Menu Position</value></key>
	<key name="menu_pos_info"><value>Set the location of the Menu Item.</value></key>
	<key name="form_settings_email_notif"><value>Email Notifications</value></key>
	<key name="email_notif_info"><value>Turn Email Notifications on or off. When a Admin or User replies to a ticket, the user will receive an Email notification along side the onsite notification. &lt;a href="{$site_url}admin/settings/languages?prefix=supportcenter"&gt;Edit the Email Message Here&lt;/a&gt;</value></key>
	<key name="form_add_department_user"><value>Add User</value></key>
	<key name="user_not_found"><value>User not found</value></key>

	<key name="admin_general"><value>General Settings</value></key>
	<key name="admin_tags"><value>Tags</value></key>
	<key name="admin_articles"><value>Articles</value></key>
	<key name="admin_settings_heading"><value>Support Center Settings</value></key>
	<key name="admin_ticket_categories"><value>Ticket Categories</value></key>
	<key name="admin_tickets"><value>Tickets</value></key>
	<key name="admin_departments"><value>Departments</value></key>

	<key name="notification_section_label"><value>Support Center</value></key>
	<key name="notification_ticket_updated"><value>Ticket updated</value></key>
	<key name="ticket_notification"><value>Ticket updated: {$content}</value></key>
	<key name="ticket_notification_new"><value>Ticket created: {$content}</value></key>
	<key name="support_manage_title"><value>Support | Support Manager</value></key>
	<key name="support_manage_heading"><value>Support Manager</value></key>
	<key name="support_manage_description"><value>Approved mods can manage support tickets off of Admin panel.</value></key>
	<key name="admin_jbtech"><value>Help</value></key>
	<key name="jbtech_heading"><value>JBTech | Premium Support</value></key>
	<key name="jbtech_title"><value>JBTech | Plugin Help</value></key>
	<key name="manage_ticket_general"><value>Tickets</value></key>
	<key name="manage_ticket_article"><value>Articles</value></key>
	<key name="email_notif_update_body"><value>Dear {$username}&#44; &lt;br/&gt;&lt;br/&gt;
	Your ticket &#34;&lt;b&gt;{$tick_name}&lt;/b&gt;&#34; has been replied to on {$site_name}. &lt;a href="{$tick_link}"&gt;View here&lt;/a&gt;&#13;&#13;
	&lt;br/&gt; &lt;br/&gt;
	Sincerely, Support Staff.
	</value></key>
	<key name="email_notif_update_txt"><value>Dear {$username}&#44; &lt;br/&gt;&lt;br/&gt;
	Your ticket &#34;&lt;b&gt;{$tick_name}&lt;/b&gt;&#34; has been replied to on {$site_name}. &lt;a href="{$tick_link}"&gt;View here&lt;/a&gt;&#13;&#13;
	&lt;br/&gt; &lt;br/&gt;
	Sincerely, Support Staff.
	</value></key>
	<key name="email_ticket_notification"><value>{$site_name} | Ticket Updated</value></key>
	<key name="started_by"><value>Started by</value></key>
	<key name="ticket_info_h"><value>Ticket Info</value></key>
	<key name="created"><value>Created</value></key>
	<key name="department_label_info"><value>Department</value></key>
	<key name="last_update_info"><value>Last updated</value></key>
	<key name="email_notifs_notice"><value>If Admin has Email Notifiations on, your reply may take a moment to process. Please wait.</value></key>
	
	<key name="welcome_support_center"><value>Welcome {$username}. Our Support Center is here to help you with any problems or questions you may have regarding {$site_name}.</value></key>
	<key name="share_this_article"><value>Share Article</value></key>
	<key name="share_to"><value>Share to:</value></key>
	<key name="knowledgebase"><value>Knowledgebase</value></key>
	<key name="my_tickets"><value>My Tickets</value></key>
	<key name="help_forum"><value>Visit our &lt;a href="{$help_forum_url}"&gt;Help Forum&lt;/a&gt; for support from our community.</value></key>
	<key name="form_settings_help_forum"><value>Help Forum</value></key>
	<key name="admin_help_forum_desc"><value>If on, will display a promo link to a Help Forum on main page. Must set the URL for it to work.</value></key>
	<key name="form_settings_help_forum_url"><value>Help Forum URL</value></key>
	<key name="admin_help_forum_url_desc"><value>URL to link to your Help Forum</value></key>
	<key name="form_settings_article_shares"><value>Article Sharing</value></key>
	<key name="admin_article_shares_desc"><value>Allow Knowledgebase Articles to be shared on Social Media</value></key>
	<key name="form_settings_recommended_art"><value>Recommended Articles</value></key>
	<key name="admin_recommended_art_desc"><value>If ON, will show several articles on the article page with the same tag as recommendations.</value></key>
	<key name="all_articles"><value>All Articles</value></key>
	<key name="community_help"><value>Community Help</value></key>
	<key name="browse_by_tag"><value>Browse by Tag</value></key>
	
	<key name="submit_ticket"><value>Submit a Ticket</value></key>
	<key name="form_search_placeholder"><value>Search Knowledgebase</value></key>
	<key name="back"><value>Back</value></key>
	<key name="cancel"><value>Cancel</value></key>
	<key name="request_d"><value>Request Deletion</value></key>
	<key name="deletion_r"><value>Deletion requested.</value></key>
	<key name="deletion_r_mobile"><value>Deletion requested. Tap to cancel.</value></key>
	<key name="posted_by"><value>Posted by</value></key>
	<key name="created_by"><value>Created by</value></key>
	<key name="view"><value>View</value></key>
	<key name="delete"><value>Delete</value></key>
	<key name="rate_art"><value>Rate this Article</value></key>
	<key name="no_recs"><value>No similar articles found</value></key>
	<key name="no_articles_yet"><value>No Articles Yet.</value></key>
	<key name="no_tags_yet"><value>No tags</value></key>
	<key name="no_results"><value>No results, please try a different search</value></key>
	<key name="search_header"><value>Results for {$keyword}</value></key>
	<key name="articles_with"><value>Articles with tag {$tag}</value></key>

</prefix>
