<?xml version="1.0" encoding="utf-8"?>
<prefix name="supportcenter" label="Support Center" language_tag="en" language_label="English">
	<key name="support"><value>Support</value></key>
	<key name="support_title"><value>Support Center</value></key>
	<key name="support_heading"><value>Support Center</value></key>

	<key name="are_you_sure"><value>Are you sure?</value></key>
	<key name="edit"><value>Edit</value></key>
	<key name="delete"><value>Delete</value></key>

	<key name="tag_add"><value>Add Tag</value></key>
	<key name="tag_list"><value>Tag list</value></key>

	<key name="article_add"><value>New Article</value></key>
	<key name="article_list"><value>Article list</value></key>

	<key name="category_add"><value>Add Category</value></key>
	<key name="category_list"><value>Category list</value></key>

	<key name="department_add"><value>Add Department</value></key>
	<key name="department_list"><value>Department list</value></key>

	<key name="department_user_add"><value>Add User</value></key>
	<key name="department_user_list"><value>User list</value></key>

	<key name="department_ticket_list"><value>Tickets</value></key>

	<key name="ticket_list"><value>Ticket list</value></key>
	<key name="support-mobile"><value>Support Center</value></key>

	<key name="form_add_tag"><value>Add Tag</value></key>
	<key name="form_add_category"><value>Add Category</value></key>
	<key name="form_add_department"><value>Add Department</value></key>
	<key name="form_add_tag_submit"><value>Submit</value></key>
	<key name="form_edit_tag"><value>New Text</value></key>
	<key name="form_article_title"><value>Title</value></key>
	<key name="form_article_body"><value>Body</value></key>
	<key name="form_article_cat1"><value>Category 1</value></key>
	<key name="form_article_cat2"><value>Category 2</value></key>
	<key name="form_search"><value>Search</value></key>

	<key name="form_new_ticket_subject"><value>Subject</value></key>
	<key name="form_new_ticket_text"><value>Description</value></key>
	<key name="form_new_ticket_category"><value>Category</value></key>
	<key name="form_new_ticket_department"><value>Department</value></key>
	<key name="form_new_ticket_submit"><value>Submit</value></key>

	<key name="form_ticket_reply_text"><value>Reply on Ticket</value></key>
	<key name="form_ticket_reply_submit"><value>Reply</value></key>

	<key name="form_settings_menu_pos"><value>Menu Position</value></key>
	<key name="menu_pos_info"><value>Set the location of the Menu Item.</value></key>
	<key name="form_settings_email_notif"><value>Email Notifications</value></key>
	<key name="email_notif_info"><value>Turn Email Notifications on or off. When a Admin or User replies to a ticket, the user will receive an Email notification along side the onsite notification.</value></key>
	<key name="form_add_department_user"><value>Add User</value></key>
	<key name="user_not_found"><value>User not found</value></key>

	<key name="admin_general"><value>General</value></key>
	<key name="admin_tags"><value>Tags</value></key>
	<key name="admin_articles"><value>Articles</value></key>
	<key name="admin_settings_heading"><value>Support Center Settings</value></key>
	<key name="admin_ticket_categories"><value>Ticket Categories</value></key>
	<key name="admin_tickets"><value>Tickets</value></key>
	<key name="admin_departments"><value>Departments</value></key>

	<key name="notification_section_label"><value>Support Center</value></key>
	<key name="notification_ticket_updated"><value>Ticket updated</value></key>
	<key name="ticket_notification"><value>Ticket updated: {$content}</value></key>
	<key name="ticket_notification_new"><value>Ticket created: {$content}</value></key>
	<key name="support_manage_title"><value>Support | Support Manager</value></key>
	<key name="support_manage_heading"><value>Support Manager</value></key>
	<key name="support_manage_description"><value>Approved mods can manage support tickets off of Admin panel.</value></key>
	<key name="admin_jbtech"><value>Help</value></key>
	<key name="jbtech_heading"><value>JBTech | Premium Support</value></key>
	<key name="jbtech_title"><value>JBTech | Plugin Help</value></key>
	<key name="manage_ticket_general"><value>Tickets</value></key>
	<key name="manage_ticket_article"><value>Articles</value></key>
	<key name="email_notif_update_body"><value>Dear {$username}. Your ticket {$tick_name} has been replied to on {$site_name}. {$tick_link}.
	Sincerely, Support Staff.
	</value></key>
	<key name="email_notif_update_txt"><value>Dear {$username}. Your ticket {$tick_name} has been replied to on {$site_name}. {$tick_link} 
	Sincerely, Support Staff.
	</value></key>
	<key name="email_ticket_notification"><value>{$site_name} | Ticket Updated</value></key>
	<key name="auth_action_label_manage"><value>Allow use of Support Manager</value></key>


</prefix>
